series,year,period,value,date
employment_finance,2022,M01,8934,2022-01-01
employment_finance,2022,M02,8976,2022-02-01
employment_finance,2022,M03,9002,2022-03-01
employment_finance,2022,M04,9037,2022-04-01
employment_finance,2022,M05,9049,2022-05-01
employment_finance,2022,M06,9059,2022-06-01
employment_finance,2022,M07,9073,2022-07-01
employment_finance,2022,M08,9092,2022-08-01
employment_finance,2022,M09,9097,2022-09-01
employment_finance,2022,M10,9122,2022-10-01
employment_finance,2022,M11,9136,2022-11-01
employment_finance,2022,M12,9146,2022-12-01
employment_finance,2023,M01,9144,2023-01-01
employment_finance,2023,M02,9152,2023-02-01
employment_finance,2023,M03,9150,2023-03-01
employment_finance,2023,M04,9180,2023-04-01
employment_finance,2023,M05,9175,2023-05-01
employment_finance,2023,M06,9182,2023-06-01
employment_finance,2023,M07,9193,2023-07-01
employment_finance,2023,M08,9193,2023-08-01
employment_finance,2023,M09,9186,2023-09-01
employment_finance,2023,M10,9179,2023-10-01
employment_finance,2023,M11,9172,2023-11-01
employment_finance,2023,M12,9176,2023-12-01
employment_finance,2024,M01,9165,2024-01-01
employment_finance,2024,M02,9151,2024-02-01
employment_finance,2024,M03,9149,2024-03-01
employment_finance,2024,M04,9144,2024-04-01
employment_finance,2024,M05,9147,2024-05-01
employment_finance,2024,M06,9159,2024-06-01
employment_finance,2024,M07,9154,2024-07-01
employment_finance,2024,M08,9162,2024-08-01
employment_finance,2024,M09,9162,2024-09-01
employment_finance,2024,M10,9164,2024-10-01
employment_finance,2024,M11,9173,2024-11-01
employment_finance,2024,M12,9179,2024-12-01
employment_finance,2025,M01,9187,2025-01-01
employment_finance,2025,M02,9199,2025-02-01
employment_finance,2025,M03,9201,2025-03-01
employment_finance,2025,M04,9205,2025-04-01
employment_finance,2025,M05,9211,2025-05-01
employment_finance,2025,M06,9204,2025-06-01
employment_finance,2025,M07,9204,2025-07-01
employment_finance,2025,M08,9185,2025-08-01
employment_finance,2025,M09,9189,2025-09-01
employment_finance,2025,M10,9184,2025-10-01
employment_finance,2025,M11,9185,2025-11-01
employment_finance,2025,M12,9186,2025-12-01
employment_finance,2026,M01,9147,2026-01-01
employment_finance,2026,M02,9149,2026-02-01
employment_finance,2026,M03,9132,2026-03-01
employment_finance,2026,M04,9126,2026-04-01
employment_finance,2026,M05,9104,2026-05-01
employment_information,2022,M01,2984,2022-01-01
employment_information,2022,M02,2990,2022-02-01
employment_information,2022,M03,3018,2022-03-01
employment_information,2022,M04,3034,2022-04-01
employment_information,2022,M05,3057,2022-05-01
employment_information,2022,M06,3076,2022-06-01
employment_information,2022,M07,3094,2022-07-01
employment_information,2022,M08,3097,2022-08-01
employment_information,2022,M09,3095,2022-09-01
employment_information,2022,M10,3100,2022-10-01
employment_information,2022,M11,3115,2022-11-01
employment_information,2022,M12,3092,2022-12-01
employment_information,2023,M01,3061,2023-01-01
employment_information,2023,M02,3048,2023-02-01
employment_information,2023,M03,3049,2023-03-01
employment_information,2023,M04,3043,2023-04-01
employment_information,2023,M05,3034,2023-05-01
employment_information,2023,M06,3021,2023-06-01
employment_information,2023,M07,3001,2023-07-01
employment_information,2023,M08,2981,2023-08-01
employment_information,2023,M09,2975,2023-09-01
employment_information,2023,M10,2951,2023-10-01
employment_information,2023,M11,2962,2023-11-01
employment_information,2023,M12,2963,2023-12-01
employment_information,2024,M01,2963,2024-01-01
employment_information,2024,M02,2958,2024-02-01
employment_information,2024,M03,2951,2024-03-01
employment_information,2024,M04,2940,2024-04-01
employment_information,2024,M05,2930,2024-05-01
employment_information,2024,M06,2930,2024-06-01
employment_information,2024,M07,2917,2024-07-01
employment_information,2024,M08,2909,2024-08-01
employment_information,2024,M09,2903,2024-09-01
employment_information,2024,M10,2887,2024-10-01
employment_information,2024,M11,2885,2024-11-01
employment_information,2024,M12,2895,2024-12-01
employment_information,2025,M01,2877,2025-01-01
employment_information,2025,M02,2876,2025-02-01
employment_information,2025,M03,2867,2025-03-01
employment_information,2025,M04,2865,2025-04-01
employment_information,2025,M05,2864,2025-05-01
employment_information,2025,M06,2863,2025-06-01
employment_information,2025,M07,2861,2025-07-01
employment_information,2025,M08,2860,2025-08-01
employment_information,2025,M09,2859,2025-09-01
employment_information,2025,M10,2853,2025-10-01
employment_information,2025,M11,2848,2025-11-01
employment_information,2025,M12,2842,2025-12-01
employment_information,2026,M01,2815,2026-01-01
employment_information,2026,M02,2792,2026-02-01
employment_information,2026,M03,2793,2026-03-01
employment_information,2026,M04,2785,2026-04-01
employment_information,2026,M05,2783,2026-05-01
employment_professional_services,2022,M01,22183,2022-01-01
employment_professional_services,2022,M02,22372,2022-02-01
employment_professional_services,2022,M03,22483,2022-03-01
employment_professional_services,2022,M04,22468,2022-04-01
employment_professional_services,2022,M05,22503,2022-05-01
employment_professional_services,2022,M06,22564,2022-06-01
employment_professional_services,2022,M07,22658,2022-07-01
employment_professional_services,2022,M08,22697,2022-08-01
employment_professional_services,2022,M09,22744,2022-09-01
employment_professional_services,2022,M10,22783,2022-10-01
employment_professional_services,2022,M11,22792,2022-11-01
employment_professional_services,2022,M12,22774,2022-12-01
employment_professional_services,2023,M01,22791,2023-01-01
employment_professional_services,2023,M02,22837,2023-02-01
employment_professional_services,2023,M03,22832,2023-03-01
employment_professional_services,2023,M04,22837,2023-04-01
employment_professional_services,2023,M05,22850,2023-05-01
employment_professional_services,2023,M06,22826,2023-06-01
employment_professional_services,2023,M07,22779,2023-07-01
employment_professional_services,2023,M08,22768,2023-08-01
employment_professional_services,2023,M09,22743,2023-09-01
employment_professional_services,2023,M10,22715,2023-10-01
employment_professional_services,2023,M11,22661,2023-11-01
employment_professional_services,2023,M12,22643,2023-12-01
employment_professional_services,2024,M01,22668,2024-01-01
employment_professional_services,2024,M02,22658,2024-02-01
employment_professional_services,2024,M03,22631,2024-03-01
employment_professional_services,2024,M04,22616,2024-04-01
employment_professional_services,2024,M05,22633,2024-05-01
employment_professional_services,2024,M06,22606,2024-06-01
employment_professional_services,2024,M07,22584,2024-07-01
employment_professional_services,2024,M08,22544,2024-08-01
employment_professional_services,2024,M09,22525,2024-09-01
employment_professional_services,2024,M10,22486,2024-10-01
employment_professional_services,2024,M11,22499,2024-11-01
employment_professional_services,2024,M12,22532,2024-12-01
employment_professional_services,2025,M01,22480,2025-01-01
employment_professional_services,2025,M02,22473,2025-02-01
employment_professional_services,2025,M03,22457,2025-03-01
employment_professional_services,2025,M04,22470,2025-04-01
employment_professional_services,2025,M05,22450,2025-05-01
employment_professional_services,2025,M06,22419,2025-06-01
employment_professional_services,2025,M07,22403,2025-07-01
employment_professional_services,2025,M08,22375,2025-08-01
employment_professional_services,2025,M09,22359,2025-09-01
employment_professional_services,2025,M10,22335,2025-10-01
employment_professional_services,2025,M11,22391,2025-11-01
employment_professional_services,2025,M12,22372,2025-12-01
employment_professional_services,2026,M01,22408,2026-01-01
employment_professional_services,2026,M02,22412,2026-02-01
employment_professional_services,2026,M03,22440,2026-03-01
employment_professional_services,2026,M04,22462,2026-04-01
employment_professional_services,2026,M05,22468,2026-05-01
employment_total_private,2022,M01,127957,2022-01-01
employment_total_private,2022,M02,128793,2022-02-01
employment_total_private,2022,M03,129282,2022-03-01
employment_total_private,2022,M04,129554,2022-04-01
employment_total_private,2022,M05,129799,2022-05-01
employment_total_private,2022,M06,130216,2022-06-01
employment_total_private,2022,M07,130766,2022-07-01
employment_total_private,2022,M08,131056,2022-08-01
employment_total_private,2022,M09,131285,2022-09-01
employment_total_private,2022,M10,131646,2022-10-01
employment_total_private,2022,M11,131863,2022-11-01
employment_total_private,2022,M12,131977,2022-12-01
employment_total_private,2023,M01,132292,2023-01-01
employment_total_private,2023,M02,132528,2023-02-01
employment_total_private,2023,M03,132554,2023-03-01
employment_total_private,2023,M04,132733,2023-04-01
employment_total_private,2023,M05,132933,2023-05-01
employment_total_private,2023,M06,133088,2023-06-01
employment_total_private,2023,M07,133206,2023-07-01
employment_total_private,2023,M08,133354,2023-08-01
employment_total_private,2023,M09,133469,2023-09-01
employment_total_private,2023,M10,133583,2023-10-01
employment_total_private,2023,M11,133667,2023-11-01
employment_total_private,2023,M12,133766,2023-12-01
employment_total_private,2024,M01,133892,2024-01-01
employment_total_private,2024,M02,134027,2024-02-01
employment_total_private,2024,M03,134170,2024-03-01
employment_total_private,2024,M04,134233,2024-04-01
employment_total_private,2024,M05,134278,2024-05-01
employment_total_private,2024,M06,134356,2024-06-01
employment_total_private,2024,M07,134348,2024-07-01
employment_total_private,2024,M08,134321,2024-08-01
employment_total_private,2024,M09,134463,2024-09-01
employment_total_private,2024,M10,134459,2024-10-01
employment_total_private,2024,M11,134575,2024-11-01
employment_total_private,2024,M12,134787,2024-12-01
employment_total_private,2025,M01,134711,2025-01-01
employment_total_private,2025,M02,134751,2025-02-01
employment_total_private,2025,M03,134818,2025-03-01
employment_total_private,2025,M04,134917,2025-04-01
employment_total_private,2025,M05,134937,2025-05-01
employment_total_private,2025,M06,134892,2025-06-01
employment_total_private,2025,M07,134957,2025-07-01
employment_total_private,2025,M08,134937,2025-08-01
employment_total_private,2025,M09,135005,2025-09-01
employment_total_private,2025,M10,135018,2025-10-01
employment_total_private,2025,M11,135090,2025-11-01
employment_total_private,2025,M12,135083,2025-12-01
employment_total_private,2026,M01,135263,2026-01-01
employment_total_private,2026,M02,135115,2026-02-01
employment_total_private,2026,M03,135317,2026-03-01
employment_total_private,2026,M04,135494,2026-04-01
employment_total_private,2026,M05,135614,2026-05-01
jolts_layoffs_information,2022,M01,59,2022-01-01
jolts_layoffs_information,2022,M02,12,2022-02-01
jolts_layoffs_information,2022,M03,18,2022-03-01
jolts_layoffs_information,2022,M04,33,2022-04-01
jolts_layoffs_information,2022,M05,29,2022-05-01
jolts_layoffs_information,2022,M06,33,2022-06-01
jolts_layoffs_information,2022,M07,40,2022-07-01
jolts_layoffs_information,2022,M08,58,2022-08-01
jolts_layoffs_information,2022,M09,23,2022-09-01
jolts_layoffs_information,2022,M10,49,2022-10-01
jolts_layoffs_information,2022,M11,42,2022-11-01
jolts_layoffs_information,2022,M12,45,2022-12-01
jolts_layoffs_information,2023,M01,46,2023-01-01
jolts_layoffs_information,2023,M02,47,2023-02-01
jolts_layoffs_information,2023,M03,47,2023-03-01
jolts_layoffs_information,2023,M04,31,2023-04-01
jolts_layoffs_information,2023,M05,39,2023-05-01
jolts_layoffs_information,2023,M06,30,2023-06-01
jolts_layoffs_information,2023,M07,49,2023-07-01
jolts_layoffs_information,2023,M08,27,2023-08-01
jolts_layoffs_information,2023,M09,17,2023-09-01
jolts_layoffs_information,2023,M10,18,2023-10-01
jolts_layoffs_information,2023,M11,27,2023-11-01
jolts_layoffs_information,2023,M12,27,2023-12-01
jolts_layoffs_information,2024,M01,17,2024-01-01
jolts_layoffs_information,2024,M02,28,2024-02-01
jolts_layoffs_information,2024,M03,37,2024-03-01
jolts_layoffs_information,2024,M04,30,2024-04-01
jolts_layoffs_information,2024,M05,38,2024-05-01
jolts_layoffs_information,2024,M06,35,2024-06-01
jolts_layoffs_information,2024,M07,44,2024-07-01
jolts_layoffs_information,2024,M08,45,2024-08-01
jolts_layoffs_information,2024,M09,28,2024-09-01
jolts_layoffs_information,2024,M10,41,2024-10-01
jolts_layoffs_information,2024,M11,44,2024-11-01
jolts_layoffs_information,2024,M12,22,2024-12-01
jolts_layoffs_information,2025,M01,29,2025-01-01
jolts_layoffs_information,2025,M02,44,2025-02-01
jolts_layoffs_information,2025,M03,36,2025-03-01
jolts_layoffs_information,2025,M04,39,2025-04-01
jolts_layoffs_information,2025,M05,34,2025-05-01
jolts_layoffs_information,2025,M06,41,2025-06-01
jolts_layoffs_information,2025,M07,39,2025-07-01
jolts_layoffs_information,2025,M08,35,2025-08-01
jolts_layoffs_information,2025,M09,38,2025-09-01
jolts_layoffs_information,2025,M10,38,2025-10-01
jolts_layoffs_information,2025,M11,36,2025-11-01
jolts_layoffs_information,2025,M12,42,2025-12-01
jolts_layoffs_information,2026,M01,50,2026-01-01
jolts_layoffs_information,2026,M02,53,2026-02-01
jolts_layoffs_information,2026,M03,60,2026-03-01
jolts_layoffs_information,2026,M04,60,2026-04-01
jolts_layoffs_total,2022,M01,1423,2022-01-01
jolts_layoffs_total,2022,M02,1401,2022-02-01
jolts_layoffs_total,2022,M03,1377,2022-03-01
jolts_layoffs_total,2022,M04,1312,2022-04-01
jolts_layoffs_total,2022,M05,1500,2022-05-01
jolts_layoffs_total,2022,M06,1528,2022-06-01
jolts_layoffs_total,2022,M07,1462,2022-07-01
jolts_layoffs_total,2022,M08,1606,2022-08-01
jolts_layoffs_total,2022,M09,1445,2022-09-01
jolts_layoffs_total,2022,M10,1553,2022-10-01
jolts_layoffs_total,2022,M11,1472,2022-11-01
jolts_layoffs_total,2022,M12,1535,2022-12-01
jolts_layoffs_total,2023,M01,1767,2023-01-01
jolts_layoffs_total,2023,M02,1535,2023-02-01
jolts_layoffs_total,2023,M03,1903,2023-03-01
jolts_layoffs_total,2023,M04,1654,2023-04-01
jolts_layoffs_total,2023,M05,1540,2023-05-01
jolts_layoffs_total,2023,M06,1658,2023-06-01
jolts_layoffs_total,2023,M07,1677,2023-07-01
jolts_layoffs_total,2023,M08,1675,2023-08-01
jolts_layoffs_total,2023,M09,1531,2023-09-01
jolts_layoffs_total,2023,M10,1623,2023-10-01
jolts_layoffs_total,2023,M11,1554,2023-11-01
jolts_layoffs_total,2023,M12,1685,2023-12-01
jolts_layoffs_total,2024,M01,1641,2024-01-01
jolts_layoffs_total,2024,M02,1692,2024-02-01
jolts_layoffs_total,2024,M03,1647,2024-03-01
jolts_layoffs_total,2024,M04,1548,2024-04-01
jolts_layoffs_total,2024,M05,1747,2024-05-01
jolts_layoffs_total,2024,M06,1497,2024-06-01
jolts_layoffs_total,2024,M07,1711,2024-07-01
jolts_layoffs_total,2024,M08,1683,2024-08-01
jolts_layoffs_total,2024,M09,1780,2024-09-01
jolts_layoffs_total,2024,M10,1650,2024-10-01
jolts_layoffs_total,2024,M11,1831,2024-11-01
jolts_layoffs_total,2024,M12,1689,2024-12-01
jolts_layoffs_total,2025,M01,1738,2025-01-01
jolts_layoffs_total,2025,M02,1867,2025-02-01
jolts_layoffs_total,2025,M03,1595,2025-03-01
jolts_layoffs_total,2025,M04,1818,2025-04-01
jolts_layoffs_total,2025,M05,1671,2025-05-01
jolts_layoffs_total,2025,M06,1843,2025-06-01
jolts_layoffs_total,2025,M07,1772,2025-07-01
jolts_layoffs_total,2025,M08,1832,2025-08-01
jolts_layoffs_total,2025,M09,1816,2025-09-01
jolts_layoffs_total,2025,M10,1891,2025-10-01
jolts_layoffs_total,2025,M11,1660,2025-11-01
jolts_layoffs_total,2025,M12,1666,2025-12-01
jolts_layoffs_total,2026,M01,1660,2026-01-01
jolts_layoffs_total,2026,M02,1714,2026-02-01
jolts_layoffs_total,2026,M03,1884,2026-03-01
jolts_layoffs_total,2026,M04,1692,2026-04-01
jolts_openings_information,2022,M01,238,2022-01-01
jolts_openings_information,2022,M02,242,2022-02-01
jolts_openings_information,2022,M03,262,2022-03-01
jolts_openings_information,2022,M04,274,2022-04-01
jolts_openings_information,2022,M05,249,2022-05-01
jolts_openings_information,2022,M06,254,2022-06-01
jolts_openings_information,2022,M07,231,2022-07-01
jolts_openings_information,2022,M08,207,2022-08-01
jolts_openings_information,2022,M09,216,2022-09-01
jolts_openings_information,2022,M10,215,2022-10-01
jolts_openings_information,2022,M11,223,2022-11-01
jolts_openings_information,2022,M12,80,2022-12-01
jolts_openings_information,2023,M01,101,2023-01-01
jolts_openings_information,2023,M02,144,2023-02-01
jolts_openings_information,2023,M03,145,2023-03-01
jolts_openings_information,2023,M04,146,2023-04-01
jolts_openings_information,2023,M05,167,2023-05-01
jolts_openings_information,2023,M06,156,2023-06-01
jolts_openings_information,2023,M07,148,2023-07-01
jolts_openings_information,2023,M08,155,2023-08-01
jolts_openings_information,2023,M09,97,2023-09-01
jolts_openings_information,2023,M10,101,2023-10-01
jolts_openings_information,2023,M11,150,2023-11-01
jolts_openings_information,2023,M12,141,2023-12-01
jolts_openings_information,2024,M01,160,2024-01-01
jolts_openings_information,2024,M02,129,2024-02-01
jolts_openings_information,2024,M03,144,2024-03-01
jolts_openings_information,2024,M04,87,2024-04-01
jolts_openings_information,2024,M05,120,2024-05-01
jolts_openings_information,2024,M06,108,2024-06-01
jolts_openings_information,2024,M07,105,2024-07-01
jolts_openings_information,2024,M08,105,2024-08-01
jolts_openings_information,2024,M09,114,2024-09-01
jolts_openings_information,2024,M10,178,2024-10-01
jolts_openings_information,2024,M11,119,2024-11-01
jolts_openings_information,2024,M12,105,2024-12-01
jolts_openings_information,2025,M01,101,2025-01-01
jolts_openings_information,2025,M02,125,2025-02-01
jolts_openings_information,2025,M03,115,2025-03-01
jolts_openings_information,2025,M04,134,2025-04-01
jolts_openings_information,2025,M05,109,2025-05-01
jolts_openings_information,2025,M06,123,2025-06-01
jolts_openings_information,2025,M07,157,2025-07-01
jolts_openings_information,2025,M08,141,2025-08-01
jolts_openings_information,2025,M09,119,2025-09-01
jolts_openings_information,2025,M10,117,2025-10-01
jolts_openings_information,2025,M11,88,2025-11-01
jolts_openings_information,2025,M12,112,2025-12-01
jolts_openings_information,2026,M01,100,2026-01-01
jolts_openings_information,2026,M02,80,2026-02-01
jolts_openings_information,2026,M03,83,2026-03-01
jolts_openings_information,2026,M04,87,2026-04-01
jolts_openings_total,2022,M01,11210,2022-01-01
jolts_openings_total,2022,M02,11698,2022-02-01
jolts_openings_total,2022,M03,12301,2022-03-01
jolts_openings_total,2022,M04,11861,2022-04-01
jolts_openings_total,2022,M05,11535,2022-05-01
jolts_openings_total,2022,M06,11283,2022-06-01
jolts_openings_total,2022,M07,11576,2022-07-01
jolts_openings_total,2022,M08,10092,2022-08-01
jolts_openings_total,2022,M09,10800,2022-09-01
jolts_openings_total,2022,M10,10447,2022-10-01
jolts_openings_total,2022,M11,10632,2022-11-01
jolts_openings_total,2022,M12,10902,2022-12-01
jolts_openings_total,2023,M01,10318,2023-01-01
jolts_openings_total,2023,M02,9857,2023-02-01
jolts_openings_total,2023,M03,9655,2023-03-01
jolts_openings_total,2023,M04,9966,2023-04-01
jolts_openings_total,2023,M05,9368,2023-05-01
jolts_openings_total,2023,M06,9180,2023-06-01
jolts_openings_total,2023,M07,8657,2023-07-01
jolts_openings_total,2023,M08,9254,2023-08-01
jolts_openings_total,2023,M09,9259,2023-09-01
jolts_openings_total,2023,M10,8580,2023-10-01
jolts_openings_total,2023,M11,8602,2023-11-01
jolts_openings_total,2023,M12,8520,2023-12-01
jolts_openings_total,2024,M01,8378,2024-01-01
jolts_openings_total,2024,M02,8440,2024-02-01
jolts_openings_total,2024,M03,8206,2024-03-01
jolts_openings_total,2024,M04,7529,2024-04-01
jolts_openings_total,2024,M05,7782,2024-05-01
jolts_openings_total,2024,M06,7416,2024-06-01
jolts_openings_total,2024,M07,7426,2024-07-01
jolts_openings_total,2024,M08,7520,2024-08-01
jolts_openings_total,2024,M09,6943,2024-09-01
jolts_openings_total,2024,M10,7379,2024-10-01
jolts_openings_total,2024,M11,7566,2024-11-01
jolts_openings_total,2024,M12,7295,2024-12-01
jolts_openings_total,2025,M01,7431,2025-01-01
jolts_openings_total,2025,M02,7242,2025-02-01
jolts_openings_total,2025,M03,6952,2025-03-01
jolts_openings_total,2025,M04,7098,2025-04-01
jolts_openings_total,2025,M05,7310,2025-05-01
jolts_openings_total,2025,M06,7204,2025-06-01
jolts_openings_total,2025,M07,7089,2025-07-01
jolts_openings_total,2025,M08,6919,2025-08-01
jolts_openings_total,2025,M09,7169,2025-09-01
jolts_openings_total,2025,M10,7170,2025-10-01
jolts_openings_total,2025,M11,6846,2025-11-01
jolts_openings_total,2025,M12,6550,2025-12-01
jolts_openings_total,2026,M01,7240,2026-01-01
jolts_openings_total,2026,M02,6922,2026-02-01
jolts_openings_total,2026,M03,6887,2026-03-01
jolts_openings_total,2026,M04,7618,2026-04-01
jolts_quits_total,2022,M01,4413,2022-01-01
jolts_quits_total,2022,M02,4233,2022-02-01
jolts_quits_total,2022,M03,4447,2022-03-01
jolts_quits_total,2022,M04,4499,2022-04-01
jolts_quits_total,2022,M05,4237,2022-05-01
jolts_quits_total,2022,M06,4165,2022-06-01
jolts_quits_total,2022,M07,4031,2022-07-01
jolts_quits_total,2022,M08,4258,2022-08-01
jolts_quits_total,2022,M09,4134,2022-09-01
jolts_quits_total,2022,M10,3956,2022-10-01
jolts_quits_total,2022,M11,4083,2022-11-01
jolts_quits_total,2022,M12,4125,2022-12-01
jolts_quits_total,2023,M01,3839,2023-01-01
jolts_quits_total,2023,M02,3917,2023-02-01
jolts_quits_total,2023,M03,3800,2023-03-01
jolts_quits_total,2023,M04,3617,2023-04-01
jolts_quits_total,2023,M05,3999,2023-05-01
jolts_quits_total,2023,M06,3693,2023-06-01
jolts_quits_total,2023,M07,3552,2023-07-01
jolts_quits_total,2023,M08,3621,2023-08-01
jolts_quits_total,2023,M09,3644,2023-09-01
jolts_quits_total,2023,M10,3574,2023-10-01
jolts_quits_total,2023,M11,3576,2023-11-01
jolts_quits_total,2023,M12,3412,2023-12-01
jolts_quits_total,2024,M01,3347,2024-01-01
jolts_quits_total,2024,M02,3482,2024-02-01
jolts_quits_total,2024,M03,3289,2024-03-01
jolts_quits_total,2024,M04,3438,2024-04-01
jolts_quits_total,2024,M05,3386,2024-05-01
jolts_quits_total,2024,M06,3280,2024-06-01
jolts_quits_total,2024,M07,3359,2024-07-01
jolts_quits_total,2024,M08,3240,2024-08-01
jolts_quits_total,2024,M09,3123,2024-09-01
jolts_quits_total,2024,M10,3215,2024-10-01
jolts_quits_total,2024,M11,3050,2024-11-01
jolts_quits_total,2024,M12,3085,2024-12-01
jolts_quits_total,2025,M01,3203,2025-01-01
jolts_quits_total,2025,M02,3153,2025-02-01
jolts_quits_total,2025,M03,3456,2025-03-01
jolts_quits_total,2025,M04,3144,2025-04-01
jolts_quits_total,2025,M05,3287,2025-05-01
jolts_quits_total,2025,M06,3254,2025-06-01
jolts_quits_total,2025,M07,3132,2025-07-01
jolts_quits_total,2025,M08,3095,2025-08-01
jolts_quits_total,2025,M09,2990,2025-09-01
jolts_quits_total,2025,M10,2980,2025-10-01
jolts_quits_total,2025,M11,3119,2025-11-01
jolts_quits_total,2025,M12,3225,2025-12-01
jolts_quits_total,2026,M01,3131,2026-01-01
jolts_quits_total,2026,M02,3046,2026-02-01
jolts_quits_total,2026,M03,3160,2026-03-01
jolts_quits_total,2026,M04,2977,2026-04-01
unemployment_rate_bachelors_plus,2022,M01,2.3,2022-01-01
unemployment_rate_bachelors_plus,2022,M02,2.1,2022-02-01
unemployment_rate_bachelors_plus,2022,M03,1.9,2022-03-01
unemployment_rate_bachelors_plus,2022,M04,2.0,2022-04-01
unemployment_rate_bachelors_plus,2022,M05,1.9,2022-05-01
unemployment_rate_bachelors_plus,2022,M06,2.1,2022-06-01
unemployment_rate_bachelors_plus,2022,M07,2.0,2022-07-01
unemployment_rate_bachelors_plus,2022,M08,1.9,2022-08-01
unemployment_rate_bachelors_plus,2022,M09,1.8,2022-09-01
unemployment_rate_bachelors_plus,2022,M10,1.9,2022-10-01
unemployment_rate_bachelors_plus,2022,M11,2.0,2022-11-01
unemployment_rate_bachelors_plus,2022,M12,1.9,2022-12-01
unemployment_rate_bachelors_plus,2023,M01,2.1,2023-01-01
unemployment_rate_bachelors_plus,2023,M02,2.0,2023-02-01
unemployment_rate_bachelors_plus,2023,M03,2.0,2023-03-01
unemployment_rate_bachelors_plus,2023,M04,2.0,2023-04-01
unemployment_rate_bachelors_plus,2023,M05,2.1,2023-05-01
unemployment_rate_bachelors_plus,2023,M06,1.9,2023-06-01
unemployment_rate_bachelors_plus,2023,M07,2.0,2023-07-01
unemployment_rate_bachelors_plus,2023,M08,2.2,2023-08-01
unemployment_rate_bachelors_plus,2023,M09,2.2,2023-09-01
unemployment_rate_bachelors_plus,2023,M10,2.1,2023-10-01
unemployment_rate_bachelors_plus,2023,M11,2.1,2023-11-01
unemployment_rate_bachelors_plus,2023,M12,2.1,2023-12-01
unemployment_rate_bachelors_plus,2024,M01,2.2,2024-01-01
unemployment_rate_bachelors_plus,2024,M02,2.3,2024-02-01
unemployment_rate_bachelors_plus,2024,M03,2.1,2024-03-01
unemployment_rate_bachelors_plus,2024,M04,2.2,2024-04-01
unemployment_rate_bachelors_plus,2024,M05,2.1,2024-05-01
unemployment_rate_bachelors_plus,2024,M06,2.4,2024-06-01
unemployment_rate_bachelors_plus,2024,M07,2.3,2024-07-01
unemployment_rate_bachelors_plus,2024,M08,2.5,2024-08-01
unemployment_rate_bachelors_plus,2024,M09,2.3,2024-09-01
unemployment_rate_bachelors_plus,2024,M10,2.5,2024-10-01
unemployment_rate_bachelors_plus,2024,M11,2.4,2024-11-01
unemployment_rate_bachelors_plus,2024,M12,2.5,2024-12-01
unemployment_rate_bachelors_plus,2025,M01,2.3,2025-01-01
unemployment_rate_bachelors_plus,2025,M02,2.5,2025-02-01
unemployment_rate_bachelors_plus,2025,M03,2.6,2025-03-01
unemployment_rate_bachelors_plus,2025,M04,2.5,2025-04-01
unemployment_rate_bachelors_plus,2025,M05,2.6,2025-05-01
unemployment_rate_bachelors_plus,2025,M06,2.5,2025-06-01
unemployment_rate_bachelors_plus,2025,M07,2.7,2025-07-01
unemployment_rate_bachelors_plus,2025,M08,2.7,2025-08-01
unemployment_rate_bachelors_plus,2025,M09,2.8,2025-09-01
unemployment_rate_bachelors_plus,2025,M10,-,2025-10-01
unemployment_rate_bachelors_plus,2025,M11,2.9,2025-11-01
unemployment_rate_bachelors_plus,2025,M12,2.8,2025-12-01
unemployment_rate_bachelors_plus,2026,M01,3.0,2026-01-01
unemployment_rate_bachelors_plus,2026,M02,3.0,2026-02-01
unemployment_rate_bachelors_plus,2026,M03,2.8,2026-03-01
unemployment_rate_bachelors_plus,2026,M04,2.8,2026-04-01
unemployment_rate_bachelors_plus,2026,M05,2.7,2026-05-01
unemployment_rate_total,2022,M01,4.0,2022-01-01
unemployment_rate_total,2022,M02,3.9,2022-02-01
unemployment_rate_total,2022,M03,3.7,2022-03-01
unemployment_rate_total,2022,M04,3.7,2022-04-01
unemployment_rate_total,2022,M05,3.6,2022-05-01
unemployment_rate_total,2022,M06,3.6,2022-06-01
unemployment_rate_total,2022,M07,3.5,2022-07-01
unemployment_rate_total,2022,M08,3.6,2022-08-01
unemployment_rate_total,2022,M09,3.5,2022-09-01
unemployment_rate_total,2022,M10,3.6,2022-10-01
unemployment_rate_total,2022,M11,3.6,2022-11-01
unemployment_rate_total,2022,M12,3.5,2022-12-01
unemployment_rate_total,2023,M01,3.5,2023-01-01
unemployment_rate_total,2023,M02,3.6,2023-02-01
unemployment_rate_total,2023,M03,3.5,2023-03-01
unemployment_rate_total,2023,M04,3.4,2023-04-01
unemployment_rate_total,2023,M05,3.6,2023-05-01
unemployment_rate_total,2023,M06,3.6,2023-06-01
unemployment_rate_total,2023,M07,3.5,2023-07-01
unemployment_rate_total,2023,M08,3.7,2023-08-01
unemployment_rate_total,2023,M09,3.7,2023-09-01
unemployment_rate_total,2023,M10,3.9,2023-10-01
unemployment_rate_total,2023,M11,3.7,2023-11-01
unemployment_rate_total,2023,M12,3.8,2023-12-01
unemployment_rate_total,2024,M01,3.7,2024-01-01
unemployment_rate_total,2024,M02,3.9,2024-02-01
unemployment_rate_total,2024,M03,3.9,2024-03-01
unemployment_rate_total,2024,M04,3.9,2024-04-01
unemployment_rate_total,2024,M05,3.9,2024-05-01
unemployment_rate_total,2024,M06,4.1,2024-06-01
unemployment_rate_total,2024,M07,4.2,2024-07-01
unemployment_rate_total,2024,M08,4.2,2024-08-01
unemployment_rate_total,2024,M09,4.1,2024-09-01
unemployment_rate_total,2024,M10,4.1,2024-10-01
unemployment_rate_total,2024,M11,4.2,2024-11-01
unemployment_rate_total,2024,M12,4.1,2024-12-01
unemployment_rate_total,2025,M01,4.0,2025-01-01
unemployment_rate_total,2025,M02,4.2,2025-02-01
unemployment_rate_total,2025,M03,4.2,2025-03-01
unemployment_rate_total,2025,M04,4.2,2025-04-01
unemployment_rate_total,2025,M05,4.3,2025-05-01
unemployment_rate_total,2025,M06,4.1,2025-06-01
unemployment_rate_total,2025,M07,4.3,2025-07-01
unemployment_rate_total,2025,M08,4.3,2025-08-01
unemployment_rate_total,2025,M09,4.4,2025-09-01
unemployment_rate_total,2025,M10,-,2025-10-01
unemployment_rate_total,2025,M11,4.5,2025-11-01
unemployment_rate_total,2025,M12,4.4,2025-12-01
unemployment_rate_total,2026,M01,4.3,2026-01-01
unemployment_rate_total,2026,M02,4.4,2026-02-01
unemployment_rate_total,2026,M03,4.3,2026-03-01
unemployment_rate_total,2026,M04,4.3,2026-04-01
unemployment_rate_total,2026,M05,4.3,2026-05-01
